engine,match_id,matchday,group,team_a,team_b,p_team_a_win,p_draw,p_team_b_win,likely_scoreline,match_date
Model,1,1,A,Mexico,South Africa,0.89276,0.09465,0.01258,2-0,2026-06-11
Model,2,1,A,South Korea,Czechia,0.44036,0.25492,0.30473,1-1,2026-06-11
Model,3,1,B,Canada,Bosnia and Herzegovina,0.72611,0.18168,0.09221,2-0,2026-06-12
Model,4,1,D,United States,Paraguay,0.44172,0.25479,0.30348,1-1,2026-06-12
Model,5,1,C,Haiti,Scotland,0.06895,0.16339,0.76766,0-2,2026-06-13
Model,6,1,D,Australia,Turkey,0.14047,0.21033,0.64921,0-1,2026-06-13
Model,7,1,C,Brazil,Morocco,0.49386,0.24825,0.25789,1-1,2026-06-13
Model,8,1,B,Qatar,Switzerland,0.0047,0.07876,0.91654,0-2,2026-06-13
Model,9,1,E,Cote d'Ivoire,Ecuador,0.16999,0.22337,0.60664,0-1,2026-06-14
Model,10,1,E,Germany,Curacao,0.90604,0.08591,0.00804,2-0,2026-06-14
Model,11,1,F,Netherlands,Japan,0.55232,0.23713,0.21055,1-0,2026-06-14
Model,12,1,F,Sweden,Tunisia,0.76497,0.16463,0.0704,2-0,2026-06-14
Model,13,1,H,Saudi Arabia,Uruguay,0.04232,0.13691,0.82077,0-2,2026-06-15
Model,14,1,H,Spain,Cape Verde,0.91914,0.07695,0.00391,2-0,2026-06-15
Model,15,1,G,Iran,New Zealand,0.74516,0.17354,0.08129,2-0,2026-06-15
Model,16,1,G,Belgium,Egypt,0.74158,0.17511,0.08331,2-0,2026-06-15
Model,17,1,I,France,Senegal,0.85005,0.12068,0.02927,2-0,2026-06-16
Model,18,1,I,Iraq,Norway,0.01144,0.09254,0.89602,0-2,2026-06-16
Model,19,1,J,Argentina,Algeria,0.88643,0.09871,0.01486,2-0,2026-06-16
Model,20,1,J,Austria,Jordan,0.79884,0.14828,0.05288,2-0,2026-06-16
Model,21,1,L,Ghana,Panama,0.32286,0.25649,0.42065,1-1,2026-06-17
Model,22,1,L,England,Croatia,0.76254,0.16575,0.07171,2-0,2026-06-17
Model,23,1,K,Portugal,DR Congo,0.84124,0.12569,0.03306,2-0,2026-06-17
Model,24,1,K,Uzbekistan,Colombia,0.02467,0.11423,0.8611,0-2,2026-06-17
Model,25,2,A,Czechia,South Africa,0.64135,0.21289,0.14577,1-0,2026-06-18
Model,26,2,B,Switzerland,Bosnia and Herzegovina,0.85387,0.11847,0.02765,2-0,2026-06-18
Model,27,2,B,Canada,Qatar,0.88984,0.09653,0.01363,2-0,2026-06-18
Model,28,2,A,Mexico,South Korea,0.80561,0.14484,0.04955,2-0,2026-06-18
Model,29,2,C,Brazil,Haiti,0.90718,0.08515,0.00767,2-0,2026-06-19
Model,30,2,C,Scotland,Morocco,0.07582,0.16917,0.75501,0-2,2026-06-19
Model,31,2,D,Turkey,Paraguay,0.47006,0.25164,0.2783,1-1,2026-06-19
Model,32,2,D,United States,Australia,0.62596,0.2177,0.15634,1-0,2026-06-19
Model,33,2,E,Germany,Cote d'Ivoire,0.66921,0.20351,0.12728,1-0,2026-06-20
Model,34,2,E,Ecuador,Curacao,0.89852,0.0909,0.01057,2-0,2026-06-20
Model,35,2,F,Netherlands,Sweden,0.75884,0.16744,0.07372,2-0,2026-06-20
Model,36,2,F,Tunisia,Japan,0.02366,0.11276,0.86357,0-2,2026-06-20
Model,37,2,H,Uruguay,Cape Verde,0.79171,0.15184,0.05645,2-0,2026-06-21
Model,38,2,H,Spain,Saudi Arabia,0.92192,0.075,0.00308,2-0,2026-06-21
Model,39,2,G,Belgium,Iran,0.79999,0.1477,0.05231,2-0,2026-06-21
Model,40,2,G,New Zealand,Egypt,0.05104,0.14639,0.80257,0-2,2026-06-21
Model,41,2,I,Norway,Senegal,0.57656,0.2314,0.19204,1-0,2026-06-22
Model,42,2,I,France,Iraq,0.92487,0.07292,0.00222,2-0,2026-06-22
Model,43,2,J,Argentina,Austria,0.86359,0.11275,0.02366,2-0,2026-06-22
Model,44,2,J,Jordan,Algeria,0.08668,0.17765,0.73568,0-2,2026-06-22
Model,45,2,L,England,Ghana,0.90842,0.08432,0.00727,2-0,2026-06-23
Model,46,2,L,Panama,Croatia,0.05097,0.14632,0.80271,0-2,2026-06-23
Model,47,2,K,Portugal,Uzbekistan,0.88571,0.09916,0.01513,2-0,2026-06-23
Model,48,2,K,Colombia,DR Congo,0.7939,0.15075,0.05534,2-0,2026-06-23
Model,49,3,C,Scotland,Brazil,0.04607,0.1411,0.81283,0-2,2026-06-24
Model,50,3,C,Morocco,Haiti,0.89458,0.09348,0.01194,2-0,2026-06-24
Model,51,3,B,Switzerland,Canada,0.6543,0.20863,0.13707,1-0,2026-06-24
Model,52,3,B,Bosnia and Herzegovina,Qatar,0.77423,0.1603,0.06547,2-0,2026-06-24
Model,53,3,A,Czechia,Mexico,0.03745,0.13117,0.83137,0-2,2026-06-24
Model,54,3,A,South Africa,South Korea,0.11125,0.19426,0.69448,0-2,2026-06-24
Model,55,3,E,Curacao,Cote d'Ivoire,0.02638,0.11669,0.85694,0-2,2026-06-25
Model,56,3,E,Ecuador,Germany,0.29871,0.25428,0.44701,1-1,2026-06-25
Model,57,3,F,Japan,Sweden,0.63235,0.21573,0.15192,1-0,2026-06-25
Model,58,3,F,Tunisia,Netherlands,0.01186,0.09333,0.89481,0-2,2026-06-25
Model,59,3,D,Turkey,United States,0.39884,0.25764,0.34352,1-1,2026-06-25
Model,60,3,D,Paraguay,Australia,0.56267,0.23476,0.20256,1-0,2026-06-25
Model,61,3,I,Norway,France,0.06781,0.16239,0.7698,0-2,2026-06-26
Model,62,3,I,Senegal,Iraq,0.85982,0.11499,0.02519,2-0,2026-06-26
Model,63,3,G,Egypt,Iran,0.48583,0.24947,0.2647,1-1,2026-06-26
Model,64,3,G,New Zealand,Belgium,0.00993,0.08966,0.90042,0-2,2026-06-26
Model,65,3,H,Cape Verde,Saudi Arabia,0.44206,0.25476,0.30318,1-1,2026-06-26
Model,66,3,H,Uruguay,Spain,0.02581,0.11588,0.85831,0-2,2026-06-26
Model,67,3,L,Panama,England,0.00868,0.0872,0.90413,0-2,2026-06-27
Model,68,3,L,Croatia,Ghana,0.82219,0.13615,0.04166,2-0,2026-06-27
Model,69,3,J,Algeria,Austria,0.25865,0.24839,0.49296,1-1,2026-06-27
Model,70,3,J,Jordan,Argentina,0.00343,0.07584,0.92072,0-2,2026-06-27
Model,71,3,K,Colombia,Portugal,0.25358,0.24743,0.49898,1-1,2026-06-27
Model,72,3,K,DR Congo,Uzbekistan,0.5706,0.23287,0.19653,1-0,2026-06-27
Elo,1,1,A,Mexico,South Africa,0.87998,0.10276,0.01726,2-0,2026-06-11
Elo,2,1,A,South Korea,Czechia,0.4584,0.25306,0.28854,1-1,2026-06-11
Elo,3,1,B,Canada,Bosnia and Herzegovina,0.71605,0.1858,0.09815,2-0,2026-06-12
Elo,4,1,D,United States,Paraguay,0.38892,0.25795,0.35312,1-1,2026-06-12
Elo,5,1,C,Haiti,Scotland,0.08926,0.17955,0.73119,0-2,2026-06-13
Elo,6,1,D,Australia,Turkey,0.20581,0.23575,0.55844,0-1,2026-06-13
Elo,7,1,C,Brazil,Morocco,0.4584,0.25306,0.28854,1-1,2026-06-13
Elo,8,1,B,Qatar,Switzerland,0.00838,0.0866,0.90502,0-2,2026-06-13
Elo,9,1,E,Cote d'Ivoire,Ecuador,0.15783,0.21834,0.62383,0-1,2026-06-14
Elo,10,1,E,Germany,Curacao,0.87998,0.10276,0.01726,2-0,2026-06-14
Elo,11,1,F,Netherlands,Japan,0.49303,0.24838,0.25859,1-1,2026-06-14
Elo,12,1,F,Sweden,Tunisia,0.70379,0.19068,0.10553,2-0,2026-06-14
Elo,13,1,H,Saudi Arabia,Uruguay,0.07157,0.16564,0.76279,0-2,2026-06-15
Elo,14,1,H,Spain,Cape Verde,0.90826,0.08442,0.00732,2-0,2026-06-15
Elo,15,1,G,Iran,New Zealand,0.74757,0.17249,0.07995,2-0,2026-06-15
Elo,16,1,G,Belgium,Egypt,0.68037,0.19951,0.12012,2-0,2026-06-15
Elo,17,1,I,France,Senegal,0.82959,0.13215,0.03826,2-0,2026-06-16
Elo,18,1,I,Iraq,Norway,0.02363,0.11271,0.86365,0-2,2026-06-16
Elo,19,1,J,Argentina,Algeria,0.87536,0.10562,0.01901,2-0,2026-06-16
Elo,20,1,J,Austria,Jordan,0.68837,0.19656,0.11507,2-0,2026-06-16
Elo,21,1,L,Ghana,Panama,0.22768,0.24172,0.5306,1-1,2026-06-17
Elo,22,1,L,England,Croatia,0.71962,0.18435,0.09602,2-0,2026-06-17
Elo,23,1,K,Portugal,DR Congo,0.80122,0.14708,0.0517,2-0,2026-06-17
Elo,24,1,K,Uzbekistan,Colombia,0.03284,0.12541,0.84175,0-2,2026-06-17
Elo,25,2,A,Czechia,South Africa,0.56866,0.23334,0.198,1-0,2026-06-18
Elo,26,2,B,Switzerland,Bosnia and Herzegovina,0.8412,0.12572,0.03308,2-0,2026-06-18
Elo,27,2,B,Canada,Qatar,0.86569,0.1115,0.02281,2-0,2026-06-18
Elo,28,2,A,Mexico,South Korea,0.79729,0.14906,0.05365,2-0,2026-06-18
Elo,29,2,C,Brazil,Haiti,0.88968,0.09664,0.01368,2-0,2026-06-19
Elo,30,2,C,Scotland,Morocco,0.09673,0.18484,0.71844,0-2,2026-06-19
Elo,31,2,D,Turkey,Paraguay,0.40528,0.25736,0.33736,1-1,2026-06-19
Elo,32,2,D,United States,Australia,0.54288,0.23919,0.21793,1-0,2026-06-19
Elo,33,2,E,Germany,Cote d'Ivoire,0.64056,0.21314,0.1463,1-0,2026-06-20
Elo,34,2,E,Ecuador,Curacao,0.87639,0.10499,0.01862,2-0,2026-06-20
Elo,35,2,F,Netherlands,Sweden,0.73568,0.17765,0.08668,2-0,2026-06-20
Elo,36,2,F,Tunisia,Japan,0.03237,0.1248,0.84283,0-2,2026-06-20
Elo,37,2,H,Uruguay,Cape Verde,0.72892,0.1805,0.09057,2-0,2026-06-21
Elo,38,2,H,Spain,Saudi Arabia,0.91248,0.08156,0.00597,2-0,2026-06-21
Elo,39,2,G,Belgium,Iran,0.71121,0.18775,0.10104,2-0,2026-06-21
Elo,40,2,G,New Zealand,Egypt,0.06697,0.16164,0.77139,0-2,2026-06-21
Elo,41,2,I,Norway,Senegal,0.56527,0.23415,0.20058,1-0,2026-06-22
Elo,42,2,I,France,Iraq,0.91525,0.07965,0.0051,2-0,2026-06-22
Elo,43,2,J,Argentina,Austria,0.84548,0.1233,0.03122,2-0,2026-06-22
Elo,44,2,J,Jordan,Algeria,0.18669,0.22957,0.58373,0-1,2026-06-22
Elo,45,2,L,England,Ghana,0.89901,0.09058,0.0104,2-0,2026-06-23
Elo,46,2,L,Panama,Croatia,0.08926,0.17955,0.73119,0-2,2026-06-23
Elo,47,2,K,Portugal,Uzbekistan,0.85761,0.11629,0.0261,2-0,2026-06-23
Elo,48,2,K,Colombia,DR Congo,0.77417,0.16033,0.0655,2-0,2026-06-23
Elo,49,3,C,Scotland,Brazil,0.06797,0.16252,0.76951,0-2,2026-06-24
Elo,50,3,C,Morocco,Haiti,0.87536,0.10562,0.01901,2-0,2026-06-24
Elo,51,3,B,Switzerland,Canada,0.62998,0.21647,0.15355,1-0,2026-06-24
Elo,52,3,B,Bosnia and Herzegovina,Qatar,0.70253,0.19117,0.1063,2-0,2026-06-24
Elo,53,3,A,Czechia,Mexico,0.03771,0.13148,0.83082,0-2,2026-06-24
Elo,54,3,A,South Africa,South Korea,0.14329,0.2117,0.64501,0-1,2026-06-24
Elo,55,3,E,Curacao,Cote d'Ivoire,0.05247,0.14787,0.79966,0-2,2026-06-25
Elo,56,3,E,Ecuador,Germany,0.35136,0.25791,0.39073,1-1,2026-06-25
Elo,57,3,F,Japan,Sweden,0.64943,0.21025,0.14032,1-0,2026-06-25
Elo,58,3,F,Tunisia,Netherlands,0.0201,0.10735,0.87255,0-2,2026-06-25
Elo,59,3,D,Turkey,United States,0.38711,0.258,0.35489,1-1,2026-06-25
Elo,60,3,D,Paraguay,Australia,0.5253,0.24276,0.23195,1-1,2026-06-25
Elo,61,3,I,Norway,France,0.08479,0.17623,0.73898,0-2,2026-06-26
Elo,62,3,I,Senegal,Iraq,0.80122,0.14708,0.0517,2-0,2026-06-26
Elo,63,3,G,Egypt,Iran,0.41441,0.25688,0.32871,1-1,2026-06-26
Elo,64,3,G,New Zealand,Belgium,0.01786,0.10376,0.87837,0-2,2026-06-26
Elo,65,3,H,Cape Verde,Saudi Arabia,0.42906,0.25588,0.31506,1-1,2026-06-26
Elo,66,3,H,Uruguay,Spain,0.03332,0.12603,0.84065,0-2,2026-06-26
Elo,67,3,L,Panama,England,0.01888,0.10541,0.87571,0-2,2026-06-27
Elo,68,3,L,Croatia,Ghana,0.81165,0.14171,0.04664,2-0,2026-06-27
Elo,69,3,J,Algeria,Austria,0.25403,0.24752,0.49846,1-1,2026-06-27
Elo,70,3,J,Jordan,Argentina,0.00855,0.08693,0.90452,0-2,2026-06-27
Elo,71,3,K,Colombia,Portugal,0.31506,0.25588,0.42906,1-1,2026-06-27
Elo,72,3,K,DR Congo,Uzbekistan,0.54113,0.23956,0.21931,1-0,2026-06-27
Squad value,1,1,A,Mexico,South Africa,0.81956,0.13755,0.04289,2-0,2026-06-11
Squad value,2,1,A,South Korea,Czechia,0.28963,0.2532,0.45717,1-1,2026-06-11
Squad value,3,1,B,Canada,Bosnia and Herzegovina,0.61937,0.21968,0.16095,1-0,2026-06-12
Squad value,4,1,D,United States,Paraguay,0.74758,0.17248,0.07994,2-0,2026-06-12
Squad value,5,1,C,Haiti,Scotland,0.13309,0.20659,0.66032,0-1,2026-06-13
Squad value,6,1,D,Australia,Turkey,0.06201,0.15715,0.78084,0-2,2026-06-13
Squad value,7,1,C,Brazil,Morocco,0.54039,0.23972,0.21989,1-0,2026-06-13
Squad value,8,1,B,Qatar,Switzerland,0.01895,0.10552,0.87552,0-2,2026-06-13
Squad value,9,1,E,Cote d'Ivoire,Ecuador,0.46677,0.25206,0.28117,1-1,2026-06-14
Squad value,10,1,E,Germany,Curacao,0.90349,0.08762,0.00889,2-0,2026-06-14
Squad value,11,1,F,Netherlands,Japan,0.64919,0.21033,0.14048,1-0,2026-06-14
Squad value,12,1,F,Sweden,Tunisia,0.77387,0.16047,0.06565,2-0,2026-06-14
Squad value,13,1,H,Saudi Arabia,Uruguay,0.03731,0.131,0.83168,0-2,2026-06-15
Squad value,14,1,H,Spain,Cape Verde,0.88823,0.09757,0.01421,2-0,2026-06-15
Squad value,15,1,G,Iran,New Zealand,0.35148,0.25791,0.39061,1-1,2026-06-15
Squad value,16,1,G,Belgium,Egypt,0.75105,0.17094,0.07801,2-0,2026-06-15
Squad value,17,1,I,France,Senegal,0.6735,0.20199,0.12451,1-0,2026-06-16
Squad value,18,1,I,Iraq,Norway,0.0117,0.09304,0.89526,0-2,2026-06-16
Squad value,19,1,J,Argentina,Algeria,0.66553,0.20479,0.12967,1-0,2026-06-16
Squad value,20,1,J,Austria,Jordan,0.89669,0.0921,0.0112,2-0,2026-06-16
Squad value,21,1,L,Ghana,Panama,0.796,0.14971,0.05429,2-0,2026-06-17
Squad value,22,1,L,England,Croatia,0.69116,0.19552,0.11332,2-0,2026-06-17
Squad value,23,1,K,Portugal,DR Congo,0.79789,0.14876,0.05335,2-0,2026-06-17
Squad value,24,1,K,Uzbekistan,Colombia,0.11256,0.19505,0.69239,0-2,2026-06-17
Squad value,25,2,A,Czechia,South Africa,0.72542,0.18196,0.09261,2-0,2026-06-18
Squad value,26,2,B,Switzerland,Bosnia and Herzegovina,0.58497,0.22925,0.18578,1-0,2026-06-18
Squad value,27,2,B,Canada,Qatar,0.8824,0.10125,0.01635,2-0,2026-06-18
Squad value,28,2,A,Mexico,South Korea,0.63569,0.21469,0.14963,1-0,2026-06-18
Squad value,29,2,C,Brazil,Haiti,0.86989,0.10897,0.02115,2-0,2026-06-19
Squad value,30,2,C,Scotland,Morocco,0.14164,0.2109,0.64746,0-1,2026-06-19
Squad value,31,2,D,Turkey,Paraguay,0.66254,0.20583,0.13163,1-0,2026-06-19
Squad value,32,2,D,United States,Australia,0.8316,0.13105,0.03735,2-0,2026-06-19
Squad value,33,2,E,Germany,Cote d'Ivoire,0.5437,0.23902,0.21728,1-0,2026-06-20
Squad value,34,2,E,Ecuador,Curacao,0.86196,0.11372,0.02432,2-0,2026-06-20
Squad value,35,2,F,Netherlands,Sweden,0.56152,0.23503,0.20345,1-0,2026-06-20
Squad value,36,2,F,Tunisia,Japan,0.0984,0.18598,0.71562,0-2,2026-06-20
Squad value,37,2,H,Uruguay,Cape Verde,0.809,0.14309,0.04791,2-0,2026-06-21
Squad value,38,2,H,Spain,Saudi Arabia,0.89642,0.09228,0.0113,2-0,2026-06-21
Squad value,39,2,G,Belgium,Iran,0.87292,0.10712,0.01996,2-0,2026-06-21
Squad value,40,2,G,New Zealand,Egypt,0.12556,0.20257,0.67187,0-1,2026-06-21
Squad value,41,2,I,Norway,Senegal,0.42943,0.25585,0.31472,1-1,2026-06-22
Squad value,42,2,I,France,Iraq,0.91692,0.07849,0.00459,2-0,2026-06-22
Squad value,43,2,J,Argentina,Austria,0.68553,0.19762,0.11685,2-0,2026-06-22
Squad value,44,2,J,Jordan,Algeria,0.01017,0.09013,0.8997,0-2,2026-06-22
Squad value,45,2,L,England,Ghana,0.77319,0.16079,0.06601,2-0,2026-06-23
Squad value,46,2,L,Panama,Croatia,0.03164,0.12384,0.84453,0-2,2026-06-23
Squad value,47,2,K,Portugal,Uzbekistan,0.85016,0.12062,0.02922,2-0,2026-06-23
Squad value,48,2,K,Colombia,DR Congo,0.56799,0.2335,0.19851,1-0,2026-06-23
Squad value,49,3,C,Scotland,Brazil,0.07198,0.16598,0.76204,0-2,2026-06-24
Squad value,50,3,C,Morocco,Haiti,0.82274,0.13585,0.04141,2-0,2026-06-24
Squad value,51,3,B,Switzerland,Canada,0.33323,0.25715,0.40963,1-1,2026-06-24
Squad value,52,3,B,Bosnia and Herzegovina,Qatar,0.81569,0.1396,0.04471,2-0,2026-06-24
Squad value,53,3,A,Czechia,Mexico,0.20525,0.23558,0.55918,0-1,2026-06-24
Squad value,54,3,A,South Africa,South Korea,0.13022,0.20509,0.66469,0-1,2026-06-24
Squad value,55,3,E,Curacao,Cote d'Ivoire,0.01684,0.10208,0.88108,0-2,2026-06-25
Squad value,56,3,E,Ecuador,Germany,0.1535,0.21644,0.63006,0-1,2026-06-25
Squad value,57,3,F,Japan,Sweden,0.27724,0.25149,0.47127,1-1,2026-06-25
Squad value,58,3,F,Tunisia,Netherlands,0.03023,0.12198,0.84778,0-2,2026-06-25
Squad value,59,3,D,Turkey,United States,0.25569,0.24784,0.49647,1-1,2026-06-25
Squad value,60,3,D,Paraguay,Australia,0.55722,0.23603,0.20676,1-0,2026-06-25
Squad value,61,3,I,Norway,France,0.15594,0.21752,0.62654,0-1,2026-06-26
Squad value,62,3,I,Senegal,Iraq,0.88732,0.09814,0.01454,2-0,2026-06-26
Squad value,63,3,G,Egypt,Iran,0.68666,0.1972,0.11614,2-0,2026-06-26
Squad value,64,3,G,New Zealand,Belgium,0.02155,0.10958,0.86887,0-2,2026-06-26
Squad value,65,3,H,Cape Verde,Saudi Arabia,0.4329,0.25557,0.31153,1-1,2026-06-26
Squad value,66,3,H,Uruguay,Spain,0.13071,0.20535,0.66394,0-1,2026-06-26
Squad value,67,3,L,Panama,England,0.00853,0.0869,0.90457,0-2,2026-06-27
Squad value,68,3,L,Croatia,Ghana,0.50532,0.24638,0.2483,1-1,2026-06-27
Squad value,69,3,J,Algeria,Austria,0.39732,0.2577,0.34498,1-1,2026-06-27
Squad value,70,3,J,Jordan,Argentina,0.00342,0.0758,0.92078,0-2,2026-06-27
Squad value,71,3,K,Colombia,Portugal,0.11913,0.19895,0.68192,0-2,2026-06-27
Squad value,72,3,K,DR Congo,Uzbekistan,0.5208,0.24361,0.23559,1-1,2026-06-27
FIFA ranking,1,1,A,Mexico,South Africa,0.86607,0.11127,0.02266,2-0,2026-06-11
FIFA ranking,2,1,A,South Korea,Czechia,0.56585,0.23401,0.20014,1-0,2026-06-11
FIFA ranking,3,1,B,Canada,Bosnia and Herzegovina,0.81153,0.14178,0.0467,2-0,2026-06-12
FIFA ranking,4,1,D,United States,Paraguay,0.81062,0.14225,0.04713,2-0,2026-06-12
FIFA ranking,5,1,C,Haiti,Scotland,0.07026,0.16451,0.76523,0-2,2026-06-13
FIFA ranking,6,1,D,Australia,Turkey,0.33077,0.25701,0.41222,1-1,2026-06-13
FIFA ranking,7,1,C,Brazil,Morocco,0.38272,0.25808,0.3592,1-1,2026-06-13
FIFA ranking,8,1,B,Qatar,Switzerland,0.07856,0.17139,0.75005,0-2,2026-06-13
FIFA ranking,9,1,E,Cote d'Ivoire,Ecuador,0.24399,0.24548,0.51053,1-1,2026-06-14
FIFA ranking,10,1,E,Germany,Curacao,0.90187,0.0887,0.00943,2-0,2026-06-14
FIFA ranking,11,1,F,Netherlands,Japan,0.58697,0.22873,0.1843,1-0,2026-06-14
FIFA ranking,12,1,F,Sweden,Tunisia,0.44259,0.25471,0.3027,1-1,2026-06-14
FIFA ranking,13,1,H,Saudi Arabia,Uruguay,0.04651,0.14157,0.81192,0-2,2026-06-15
FIFA ranking,14,1,H,Spain,Cape Verde,0.91463,0.08007,0.00529,2-0,2026-06-15
FIFA ranking,15,1,G,Iran,New Zealand,0.867,0.11071,0.02229,2-0,2026-06-15
FIFA ranking,16,1,G,Belgium,Egypt,0.71826,0.18491,0.09683,2-0,2026-06-15
FIFA ranking,17,1,I,France,Senegal,0.74201,0.17492,0.08307,2-0,2026-06-16
FIFA ranking,18,1,I,Iraq,Norway,0.17487,0.22527,0.59986,0-1,2026-06-16
FIFA ranking,19,1,J,Argentina,Algeria,0.85463,0.11804,0.02734,2-0,2026-06-16
FIFA ranking,20,1,J,Austria,Jordan,0.75959,0.1671,0.07331,2-0,2026-06-16
FIFA ranking,21,1,L,Ghana,Panama,0.07864,0.17145,0.7499,0-2,2026-06-17
FIFA ranking,22,1,L,England,Croatia,0.61001,0.22241,0.16758,1-0,2026-06-17
FIFA ranking,23,1,K,Portugal,DR Congo,0.83864,0.12715,0.03421,2-0,2026-06-17
FIFA ranking,24,1,K,Uzbekistan,Colombia,0.05788,0.15324,0.78888,0-2,2026-06-17
FIFA ranking,25,2,A,Czechia,South Africa,0.53226,0.24139,0.22635,1-1,2026-06-18
FIFA ranking,26,2,B,Switzerland,Bosnia and Herzegovina,0.82207,0.13621,0.04172,2-0,2026-06-18
FIFA ranking,27,2,B,Canada,Qatar,0.73347,0.17859,0.08794,2-0,2026-06-18
FIFA ranking,28,2,A,Mexico,South Korea,0.72041,0.18403,0.09556,2-0,2026-06-18
FIFA ranking,29,2,C,Brazil,Haiti,0.90865,0.08416,0.00719,2-0,2026-06-19
FIFA ranking,30,2,C,Scotland,Morocco,0.04408,0.13889,0.81703,0-2,2026-06-19
FIFA ranking,31,2,D,Turkey,Paraguay,0.58307,0.22974,0.18719,1-0,2026-06-19
FIFA ranking,32,2,D,United States,Australia,0.72054,0.18398,0.09548,2-0,2026-06-19
FIFA ranking,33,2,E,Germany,Cote d'Ivoire,0.75382,0.1697,0.07647,2-0,2026-06-20
FIFA ranking,34,2,E,Ecuador,Curacao,0.84833,0.12167,0.03,2-0,2026-06-20
FIFA ranking,35,2,F,Netherlands,Sweden,0.80411,0.1456,0.05028,2-0,2026-06-20
FIFA ranking,36,2,F,Tunisia,Japan,0.09178,0.18137,0.72685,0-2,2026-06-20
FIFA ranking,37,2,H,Uruguay,Cape Verde,0.85138,0.11992,0.0287,2-0,2026-06-21
FIFA ranking,38,2,H,Spain,Saudi Arabia,0.90595,0.08598,0.00807,2-0,2026-06-21
FIFA ranking,39,2,G,Belgium,Iran,0.63033,0.21636,0.15331,1-0,2026-06-21
FIFA ranking,40,2,G,New Zealand,Egypt,0.0354,0.12865,0.83594,0-2,2026-06-21
FIFA ranking,41,2,I,Norway,Senegal,0.13046,0.20521,0.66432,0-1,2026-06-22
FIFA ranking,42,2,I,France,Iraq,0.90058,0.08955,0.00987,2-0,2026-06-22
FIFA ranking,43,2,J,Argentina,Austria,0.83572,0.12878,0.0355,2-0,2026-06-22
FIFA ranking,44,2,J,Jordan,Algeria,0.09566,0.1841,0.72024,0-2,2026-06-22
FIFA ranking,45,2,L,England,Ghana,0.91039,0.08298,0.00663,2-0,2026-06-23
FIFA ranking,46,2,L,Panama,Croatia,0.09257,0.18194,0.72549,0-2,2026-06-23
FIFA ranking,47,2,K,Portugal,Uzbekistan,0.8473,0.12226,0.03044,2-0,2026-06-23
FIFA ranking,48,2,K,Colombia,DR Congo,0.77469,0.16009,0.06523,2-0,2026-06-23
FIFA ranking,49,3,C,Scotland,Brazil,0.042,0.13654,0.82146,0-2,2026-06-24
FIFA ranking,50,3,C,Morocco,Haiti,0.9077,0.0848,0.0075,2-0,2026-06-24
FIFA ranking,51,3,B,Switzerland,Canada,0.39862,0.25765,0.34373,1-1,2026-06-24
FIFA ranking,52,3,B,Bosnia and Herzegovina,Qatar,0.2308,0.24248,0.52672,1-1,2026-06-24
FIFA ranking,53,3,A,Czechia,Mexico,0.04301,0.13769,0.8193,0-2,2026-06-24
FIFA ranking,54,3,A,South Africa,South Korea,0.1084,0.1925,0.6991,0-2,2026-06-24
FIFA ranking,55,3,E,Curacao,Cote d'Ivoire,0.05253,0.14792,0.79954,0-2,2026-06-25
FIFA ranking,56,3,E,Ecuador,Germany,0.1333,0.2067,0.65999,0-1,2026-06-25
FIFA ranking,57,3,F,Japan,Sweden,0.67741,0.20059,0.122,1-0,2026-06-25
FIFA ranking,58,3,F,Tunisia,Netherlands,0.03767,0.13143,0.83091,0-2,2026-06-25
FIFA ranking,59,3,D,Turkey,United States,0.11264,0.1951,0.69226,0-2,2026-06-25
FIFA ranking,60,3,D,Paraguay,Australia,0.21684,0.2389,0.54426,0-1,2026-06-25
FIFA ranking,61,3,I,Norway,France,0.02377,0.11292,0.8633,0-2,2026-06-26
FIFA ranking,62,3,I,Senegal,Iraq,0.80293,0.14621,0.05086,2-0,2026-06-26
FIFA ranking,63,3,G,Egypt,Iran,0.26223,0.24904,0.48873,1-1,2026-06-26
FIFA ranking,64,3,G,New Zealand,Belgium,0.00819,0.08622,0.90559,0-2,2026-06-26
FIFA ranking,65,3,H,Cape Verde,Saudi Arabia,0.25962,0.24857,0.49181,1-1,2026-06-26
FIFA ranking,66,3,H,Uruguay,Spain,0.07242,0.16635,0.76122,0-2,2026-06-26
FIFA ranking,67,3,L,Panama,England,0.03426,0.12721,0.83853,0-2,2026-06-27
FIFA ranking,68,3,L,Croatia,Ghana,0.88282,0.10099,0.0162,2-0,2026-06-27
FIFA ranking,69,3,J,Algeria,Austria,0.30794,0.25524,0.43683,1-1,2026-06-27
FIFA ranking,70,3,J,Jordan,Argentina,0.00644,0.08257,0.91099,0-2,2026-06-27
FIFA ranking,71,3,K,Colombia,Portugal,0.22795,0.24178,0.53027,1-1,2026-06-27
FIFA ranking,72,3,K,DR Congo,Uzbekistan,0.40009,0.25759,0.34232,1-1,2026-06-27
