engine,team,group,p_qualify,p_win_group,p_reach_qf,p_win_title,rank_win_title,rank_qualify,rank_reach_qf,rank_win_group
Model,Mexico,A,100.0,100.0,0.0,0.0,11,1,12,1
Model,South Africa,A,100.0,0.0,0.0,0.0,11,1,12,13
Model,South Korea,A,0.0,0.0,0.0,0.0,11,33,12,13
Model,Czechia,A,0.0,0.0,0.0,0.0,11,33,12,13
Model,Canada,B,100.0,0.0,0.0,0.0,11,1,12,13
Model,Bosnia and Herzegovina,B,100.0,0.0,0.0,0.0,11,1,12,13
Model,Qatar,B,0.0,0.0,0.0,0.0,11,33,12,13
Model,Switzerland,B,100.0,100.0,38.88,0.26,8,1,10,1
Model,Brazil,C,100.0,100.0,0.0,0.0,11,1,12,1
Model,Morocco,C,100.0,0.0,100.0,0.74,7,1,1,13
Model,Haiti,C,0.0,0.0,0.0,0.0,11,33,12,13
Model,Scotland,C,0.0,0.0,0.0,0.0,11,33,12,13
Model,United States,D,100.0,100.0,45.42,0.08,10,1,9,1
Model,Paraguay,D,100.0,0.0,0.0,0.0,11,1,12,13
Model,Australia,D,100.0,0.0,0.0,0.0,11,1,12,13
Model,Turkey,D,0.0,0.0,0.0,0.0,11,33,12,13
Model,Germany,E,100.0,100.0,0.0,0.0,11,1,12,1
Model,Curacao,E,0.0,0.0,0.0,0.0,11,33,12,13
Model,Cote d'Ivoire,E,100.0,0.0,0.0,0.0,11,1,12,13
Model,Ecuador,E,100.0,0.0,0.0,0.0,11,1,12,13
Model,Netherlands,F,100.0,100.0,0.0,0.0,11,1,12,1
Model,Japan,F,100.0,0.0,0.0,0.0,11,1,12,13
Model,Sweden,F,100.0,0.0,0.0,0.0,11,1,12,13
Model,Tunisia,F,0.0,0.0,0.0,0.0,11,33,12,13
Model,Belgium,G,100.0,100.0,54.58,0.18,9,1,8,1
Model,Egypt,G,100.0,0.0,4.75,0.0,11,1,11,13
Model,Iran,G,0.0,0.0,0.0,0.0,11,33,12,13
Model,New Zealand,G,0.0,0.0,0.0,0.0,11,33,12,13
Model,Spain,H,100.0,100.0,100.0,35.02,1,1,1,1
Model,Cape Verde,H,100.0,0.0,0.0,0.0,11,1,12,13
Model,Saudi Arabia,H,0.0,0.0,0.0,0.0,11,33,12,13
Model,Uruguay,H,0.0,0.0,0.0,0.0,11,33,12,13
Model,France,I,100.0,100.0,100.0,26.95,2,1,1,1
Model,Senegal,I,100.0,0.0,0.0,0.0,11,1,12,13
Model,Iraq,I,0.0,0.0,0.0,0.0,11,33,12,13
Model,Norway,I,100.0,0.0,100.0,1.07,5,1,1,13
Model,Argentina,J,100.0,100.0,95.25,23.99,3,1,6,1
Model,Algeria,J,100.0,0.0,0.0,0.0,11,1,12,13
Model,Austria,J,100.0,0.0,0.0,0.0,11,1,12,13
Model,Jordan,J,0.0,0.0,0.0,0.0,11,33,12,13
Model,Portugal,K,100.0,0.0,0.0,0.0,11,1,12,13
Model,DR Congo,K,100.0,0.0,0.0,0.0,11,1,12,13
Model,Uzbekistan,K,0.0,0.0,0.0,0.0,11,33,12,13
Model,Colombia,K,100.0,100.0,61.12,0.96,6,1,7,1
Model,England,L,100.0,100.0,100.0,10.75,4,1,1,1
Model,Croatia,L,100.0,0.0,0.0,0.0,11,1,12,13
Model,Ghana,L,100.0,0.0,0.0,0.0,11,1,12,13
Model,Panama,L,0.0,0.0,0.0,0.0,11,33,12,13
Elo,Mexico,A,100.0,100.0,0.0,0.0,12,1,12,1
Elo,South Africa,A,100.0,0.0,0.0,0.0,12,1,12,13
Elo,South Korea,A,0.0,0.0,0.0,0.0,12,33,12,13
Elo,Czechia,A,0.0,0.0,0.0,0.0,12,33,12,13
Elo,Canada,B,100.0,0.0,0.0,0.0,12,1,12,13
Elo,Bosnia and Herzegovina,B,100.0,0.0,0.0,0.0,12,1,12,13
Elo,Qatar,B,0.0,0.0,0.0,0.0,12,33,12,13
Elo,Switzerland,B,100.0,100.0,36.17,0.41,8,1,10,1
Elo,Brazil,C,100.0,100.0,0.0,0.0,12,1,12,1
Elo,Morocco,C,100.0,0.0,100.0,1.11,7,1,1,13
Elo,Haiti,C,0.0,0.0,0.0,0.0,12,33,12,13
Elo,Scotland,C,0.0,0.0,0.0,0.0,12,33,12,13
Elo,United States,D,100.0,100.0,47.52,0.18,10,1,9,1
Elo,Paraguay,D,100.0,0.0,0.0,0.0,12,1,12,13
Elo,Australia,D,100.0,0.0,0.0,0.0,12,1,12,13
Elo,Turkey,D,0.0,0.0,0.0,0.0,12,33,12,13
Elo,Germany,E,100.0,100.0,0.0,0.0,12,1,12,1
Elo,Curacao,E,0.0,0.0,0.0,0.0,12,33,12,13
Elo,Cote d'Ivoire,E,100.0,0.0,0.0,0.0,12,1,12,13
Elo,Ecuador,E,100.0,0.0,0.0,0.0,12,1,12,13
Elo,Netherlands,F,100.0,100.0,0.0,0.0,12,1,12,1
Elo,Japan,F,100.0,0.0,0.0,0.0,12,1,12,13
Elo,Sweden,F,100.0,0.0,0.0,0.0,12,1,12,13
Elo,Tunisia,F,0.0,0.0,0.0,0.0,12,33,12,13
Elo,Belgium,G,100.0,100.0,52.48,0.27,9,1,8,1
Elo,Egypt,G,100.0,0.0,6.64,0.01,11,1,11,13
Elo,Iran,G,0.0,0.0,0.0,0.0,12,33,12,13
Elo,New Zealand,G,0.0,0.0,0.0,0.0,12,33,12,13
Elo,Spain,H,100.0,100.0,100.0,35.02,1,1,1,1
Elo,Cape Verde,H,100.0,0.0,0.0,0.0,12,1,12,13
Elo,Saudi Arabia,H,0.0,0.0,0.0,0.0,12,33,12,13
Elo,Uruguay,H,0.0,0.0,0.0,0.0,12,33,12,13
Elo,France,I,100.0,100.0,100.0,24.49,2,1,1,1
Elo,Senegal,I,100.0,0.0,0.0,0.0,12,1,12,13
Elo,Iraq,I,0.0,0.0,0.0,0.0,12,33,12,13
Elo,Norway,I,100.0,0.0,100.0,1.79,6,1,1,13
Elo,Argentina,J,100.0,100.0,93.36,24.25,3,1,6,1
Elo,Algeria,J,100.0,0.0,0.0,0.0,12,1,12,13
Elo,Austria,J,100.0,0.0,0.0,0.0,12,1,12,13
Elo,Jordan,J,0.0,0.0,0.0,0.0,12,33,12,13
Elo,Portugal,K,100.0,0.0,0.0,0.0,12,1,12,13
Elo,DR Congo,K,100.0,0.0,0.0,0.0,12,1,12,13
Elo,Uzbekistan,K,0.0,0.0,0.0,0.0,12,33,12,13
Elo,Colombia,K,100.0,100.0,63.83,1.94,5,1,7,1
Elo,England,L,100.0,100.0,100.0,10.53,4,1,1,1
Elo,Croatia,L,100.0,0.0,0.0,0.0,12,1,12,13
Elo,Ghana,L,100.0,0.0,0.0,0.0,12,1,12,13
Elo,Panama,L,0.0,0.0,0.0,0.0,12,33,12,13
Squad value,Mexico,A,100.0,100.0,0.0,0.0,12,1,12,1
Squad value,South Africa,A,100.0,0.0,0.0,0.0,12,1,12,13
Squad value,South Korea,A,0.0,0.0,0.0,0.0,12,33,12,13
Squad value,Czechia,A,0.0,0.0,0.0,0.0,12,33,12,13
Squad value,Canada,B,100.0,0.0,0.0,0.0,12,1,12,13
Squad value,Bosnia and Herzegovina,B,100.0,0.0,0.0,0.0,12,1,12,13
Squad value,Qatar,B,0.0,0.0,0.0,0.0,12,33,12,13
Squad value,Switzerland,B,100.0,100.0,54.32,0.72,9,1,8,1
Squad value,Brazil,C,100.0,100.0,0.0,0.0,12,1,12,1
Squad value,Morocco,C,100.0,0.0,100.0,1.83,7,1,1,13
Squad value,Haiti,C,0.0,0.0,0.0,0.0,12,33,12,13
Squad value,Scotland,C,0.0,0.0,0.0,0.0,12,33,12,13
Squad value,United States,D,100.0,100.0,59.28,3.19,6,1,7,1
Squad value,Paraguay,D,100.0,0.0,0.0,0.0,12,1,12,13
Squad value,Australia,D,100.0,0.0,0.0,0.0,12,1,12,13
Squad value,Turkey,D,0.0,0.0,0.0,0.0,12,33,12,13
Squad value,Germany,E,100.0,100.0,0.0,0.0,12,1,12,1
Squad value,Curacao,E,0.0,0.0,0.0,0.0,12,33,12,13
Squad value,Cote d'Ivoire,E,100.0,0.0,0.0,0.0,12,1,12,13
Squad value,Ecuador,E,100.0,0.0,0.0,0.0,12,1,12,13
Squad value,Netherlands,F,100.0,100.0,0.0,0.0,12,1,12,1
Squad value,Japan,F,100.0,0.0,0.0,0.0,12,1,12,13
Squad value,Sweden,F,100.0,0.0,0.0,0.0,12,1,12,13
Squad value,Tunisia,F,0.0,0.0,0.0,0.0,12,33,12,13
Squad value,Belgium,G,100.0,100.0,40.72,1.03,8,1,10,1
Squad value,Egypt,G,100.0,0.0,9.84,0.01,11,1,11,13
Squad value,Iran,G,0.0,0.0,0.0,0.0,12,33,12,13
Squad value,New Zealand,G,0.0,0.0,0.0,0.0,12,33,12,13
Squad value,Spain,H,100.0,100.0,100.0,18.57,3,1,1,1
Squad value,Cape Verde,H,100.0,0.0,0.0,0.0,12,1,12,13
Squad value,Saudi Arabia,H,0.0,0.0,0.0,0.0,12,33,12,13
Squad value,Uruguay,H,0.0,0.0,0.0,0.0,12,33,12,13
Squad value,France,I,100.0,100.0,100.0,32.32,1,1,1,1
Squad value,Senegal,I,100.0,0.0,0.0,0.0,12,1,12,13
Squad value,Iraq,I,0.0,0.0,0.0,0.0,12,33,12,13
Squad value,Norway,I,100.0,0.0,100.0,4.04,5,1,1,13
Squad value,Argentina,J,100.0,100.0,90.16,10.6,4,1,6,1
Squad value,Algeria,J,100.0,0.0,0.0,0.0,12,1,12,13
Squad value,Austria,J,100.0,0.0,0.0,0.0,12,1,12,13
Squad value,Jordan,J,0.0,0.0,0.0,0.0,12,33,12,13
Squad value,Portugal,K,100.0,0.0,0.0,0.0,12,1,12,13
Squad value,DR Congo,K,100.0,0.0,0.0,0.0,12,1,12,13
Squad value,Uzbekistan,K,0.0,0.0,0.0,0.0,12,33,12,13
Squad value,Colombia,K,100.0,100.0,45.68,0.35,10,1,9,1
Squad value,England,L,100.0,100.0,100.0,27.34,2,1,1,1
Squad value,Croatia,L,100.0,0.0,0.0,0.0,12,1,12,13
Squad value,Ghana,L,100.0,0.0,0.0,0.0,12,1,12,13
Squad value,Panama,L,0.0,0.0,0.0,0.0,12,33,12,13
FIFA ranking,Mexico,A,100.0,100.0,0.0,0.0,12,1,12,1
FIFA ranking,South Africa,A,100.0,0.0,0.0,0.0,12,1,12,13
FIFA ranking,South Korea,A,0.0,0.0,0.0,0.0,12,33,12,13
FIFA ranking,Czechia,A,0.0,0.0,0.0,0.0,12,33,12,13
FIFA ranking,Canada,B,100.0,0.0,0.0,0.0,12,1,12,13
FIFA ranking,Bosnia and Herzegovina,B,100.0,0.0,0.0,0.0,12,1,12,13
FIFA ranking,Qatar,B,0.0,0.0,0.0,0.0,12,33,12,13
FIFA ranking,Switzerland,B,100.0,100.0,39.07,0.1,9,1,10,1
FIFA ranking,Brazil,C,100.0,100.0,0.0,0.0,12,1,12,1
FIFA ranking,Morocco,C,100.0,0.0,100.0,2.23,5,1,1,13
FIFA ranking,Haiti,C,0.0,0.0,0.0,0.0,12,33,12,13
FIFA ranking,Scotland,C,0.0,0.0,0.0,0.0,12,33,12,13
FIFA ranking,United States,D,100.0,100.0,55.54,1.18,6,1,8,1
FIFA ranking,Paraguay,D,100.0,0.0,0.0,0.0,12,1,12,13
FIFA ranking,Australia,D,100.0,0.0,0.0,0.0,12,1,12,13
FIFA ranking,Turkey,D,0.0,0.0,0.0,0.0,12,33,12,13
FIFA ranking,Germany,E,100.0,100.0,0.0,0.0,12,1,12,1
FIFA ranking,Curacao,E,0.0,0.0,0.0,0.0,12,33,12,13
FIFA ranking,Cote d'Ivoire,E,100.0,0.0,0.0,0.0,12,1,12,13
FIFA ranking,Ecuador,E,100.0,0.0,0.0,0.0,12,1,12,13
FIFA ranking,Netherlands,F,100.0,100.0,0.0,0.0,12,1,12,1
FIFA ranking,Japan,F,100.0,0.0,0.0,0.0,12,1,12,13
FIFA ranking,Sweden,F,100.0,0.0,0.0,0.0,12,1,12,13
FIFA ranking,Tunisia,F,0.0,0.0,0.0,0.0,12,33,12,13
FIFA ranking,Belgium,G,100.0,100.0,44.46,0.57,7,1,9,1
FIFA ranking,Egypt,G,100.0,0.0,5.95,0.02,11,1,11,13
FIFA ranking,Iran,G,0.0,0.0,0.0,0.0,12,33,12,13
FIFA ranking,New Zealand,G,0.0,0.0,0.0,0.0,12,33,12,13
FIFA ranking,Spain,H,100.0,100.0,100.0,24.92,3,1,1,1
FIFA ranking,Cape Verde,H,100.0,0.0,0.0,0.0,12,1,12,13
FIFA ranking,Saudi Arabia,H,0.0,0.0,0.0,0.0,12,33,12,13
FIFA ranking,Uruguay,H,0.0,0.0,0.0,0.0,12,33,12,13
FIFA ranking,France,I,100.0,100.0,100.0,25.15,2,1,1,1
FIFA ranking,Senegal,I,100.0,0.0,0.0,0.0,12,1,12,13
FIFA ranking,Iraq,I,0.0,0.0,0.0,0.0,12,33,12,13
FIFA ranking,Norway,I,100.0,0.0,100.0,0.03,10,1,1,13
FIFA ranking,Argentina,J,100.0,100.0,94.05,27.94,1,1,6,1
FIFA ranking,Algeria,J,100.0,0.0,0.0,0.0,12,1,12,13
FIFA ranking,Austria,J,100.0,0.0,0.0,0.0,12,1,12,13
FIFA ranking,Jordan,J,0.0,0.0,0.0,0.0,12,33,12,13
FIFA ranking,Portugal,K,100.0,0.0,0.0,0.0,12,1,12,13
FIFA ranking,DR Congo,K,100.0,0.0,0.0,0.0,12,1,12,13
FIFA ranking,Uzbekistan,K,0.0,0.0,0.0,0.0,12,33,12,13
FIFA ranking,Colombia,K,100.0,100.0,60.93,0.51,8,1,7,1
FIFA ranking,England,L,100.0,100.0,100.0,17.35,4,1,1,1
FIFA ranking,Croatia,L,100.0,0.0,0.0,0.0,12,1,12,13
FIFA ranking,Ghana,L,100.0,0.0,0.0,0.0,12,1,12,13
FIFA ranking,Panama,L,0.0,0.0,0.0,0.0,12,33,12,13
