engine,match_no,round,rank,team_a,team_b,matchup_probability,p_team_a_advance,p_team_b_advance
Model,73,R32,1,Canada,South Africa,1.0,1.0,0.0
Model,74,R32,1,Germany,Paraguay,1.0,0.0,1.0
Model,75,R32,1,Morocco,Netherlands,1.0,1.0,0.0
Model,76,R32,1,Brazil,Japan,1.0,1.0,0.0
Model,77,R32,1,France,Sweden,1.0,1.0,0.0
Model,78,R32,1,Cote d'Ivoire,Norway,1.0,0.0,1.0
Model,79,R32,1,Ecuador,Mexico,1.0,0.0,1.0
Model,80,R32,1,DR Congo,England,1.0,0.0,1.0
Model,81,R32,1,Bosnia and Herzegovina,United States,1.0,0.0,1.0
Model,82,R32,1,Belgium,Senegal,1.0,1.0,0.0
Model,83,R32,1,Croatia,Portugal,1.0,0.0,1.0
Model,84,R32,1,Austria,Spain,1.0,0.0,1.0
Model,85,R32,1,Algeria,Switzerland,1.0,0.0,1.0
Model,86,R32,1,Argentina,Cape Verde,1.0,1.0,0.0
Model,87,R32,1,Colombia,Ghana,1.0,1.0,0.0
Model,88,R32,1,Australia,Egypt,1.0,0.0,1.0
Model,89,R16,1,France,Paraguay,1.0,1.0,0.0
Model,90,R16,1,Canada,Morocco,1.0,0.0,1.0
Model,91,R16,1,Brazil,Norway,1.0,0.0,1.0
Model,92,R16,1,England,Mexico,1.0,0.6182,0.3818
Model,93,R16,1,Portugal,Spain,1.0,0.2278,0.7722
Model,94,R16,1,Belgium,United States,1.0,0.5525,0.4475
Model,95,R16,1,Argentina,Egypt,1.0,0.9523,0.0477
Model,96,R16,1,Colombia,Switzerland,1.0,0.6254,0.3746
Model,97,QF,1,France,Morocco,1.0,0.8516,0.1484
Model,98,QF,1,Belgium,Spain,0.4268,0.115,0.885
Model,98,QF,2,Spain,United States,0.3454,0.8981,0.1019
Model,98,QF,3,Belgium,Portugal,0.1257,0.28,0.72
Model,99,QF,1,England,Norway,0.6182,0.6944,0.3056
Model,99,QF,2,Mexico,Norway,0.3818,0.571,0.429
Model,100,QF,1,Argentina,Colombia,0.5953,0.7957,0.2043
Model,100,QF,2,Argentina,Switzerland,0.357,0.8602,0.1398
Model,100,QF,3,Colombia,Egypt,0.0301,0.8738,0.1262
Model,101,SF,1,France,Spain,0.5881,0.5026,0.4974
Model,101,SF,2,France,Portugal,0.1401,0.7709,0.2291
Model,101,SF,3,Morocco,Spain,0.0998,0.1743,0.8257
Model,102,SF,1,Argentina,England,0.3387,0.6749,0.3251
Model,102,SF,2,Argentina,Norway,0.2747,0.8111,0.1889
Model,102,SF,3,Argentina,Mexico,0.1674,0.7587,0.2413
Model,103,3rd,1,France,Norway,0.0882,0.8424,0.1576
Model,103,3rd,2,England,France,0.088,0.2568,0.7432
Model,103,3rd,3,Norway,Spain,0.0832,0.1358,0.8642
Model,104,F,1,Argentina,France,0.3022,0.4514,0.5486
Model,104,F,2,Argentina,Spain,0.2153,0.4389,0.5611
Model,104,F,3,England,France,0.0892,0.2814,0.7186
Elo,73,R32,1,Canada,South Africa,1.0,1.0,0.0
Elo,74,R32,1,Germany,Paraguay,1.0,0.0,1.0
Elo,75,R32,1,Morocco,Netherlands,1.0,1.0,0.0
Elo,76,R32,1,Brazil,Japan,1.0,1.0,0.0
Elo,77,R32,1,France,Sweden,1.0,1.0,0.0
Elo,78,R32,1,Cote d'Ivoire,Norway,1.0,0.0,1.0
Elo,79,R32,1,Ecuador,Mexico,1.0,0.0,1.0
Elo,80,R32,1,DR Congo,England,1.0,0.0,1.0
Elo,81,R32,1,Bosnia and Herzegovina,United States,1.0,0.0,1.0
Elo,82,R32,1,Belgium,Senegal,1.0,1.0,0.0
Elo,83,R32,1,Croatia,Portugal,1.0,0.0,1.0
Elo,84,R32,1,Austria,Spain,1.0,0.0,1.0
Elo,85,R32,1,Algeria,Switzerland,1.0,0.0,1.0
Elo,86,R32,1,Argentina,Cape Verde,1.0,1.0,0.0
Elo,87,R32,1,Colombia,Ghana,1.0,1.0,0.0
Elo,88,R32,1,Australia,Egypt,1.0,0.0,1.0
Elo,89,R16,1,France,Paraguay,1.0,1.0,0.0
Elo,90,R16,1,Canada,Morocco,1.0,0.0,1.0
Elo,91,R16,1,Brazil,Norway,1.0,0.0,1.0
Elo,92,R16,1,England,Mexico,1.0,0.4929,0.5071
Elo,93,R16,1,Portugal,Spain,1.0,0.2425,0.7575
Elo,94,R16,1,Belgium,United States,1.0,0.5291,0.4709
Elo,95,R16,1,Argentina,Egypt,1.0,0.9338,0.0662
Elo,96,R16,1,Colombia,Switzerland,1.0,0.6291,0.3709
Elo,97,QF,1,France,Morocco,1.0,0.8132,0.1868
Elo,98,QF,1,Belgium,Spain,0.403,0.1328,0.8672
Elo,98,QF,2,Spain,United States,0.3545,0.8883,0.1117
Elo,98,QF,3,Belgium,Portugal,0.1261,0.3164,0.6836
Elo,99,QF,1,Mexico,Norway,0.5071,0.6555,0.3445
Elo,99,QF,2,England,Norway,0.4929,0.6433,0.3567
Elo,100,QF,1,Argentina,Colombia,0.5872,0.7694,0.2306
Elo,100,QF,2,Argentina,Switzerland,0.3466,0.8231,0.1769
Elo,100,QF,3,Colombia,Egypt,0.0419,0.8377,0.1623
Elo,101,SF,1,France,Spain,0.5399,0.4729,0.5271
Elo,101,SF,2,France,Portugal,0.1372,0.7405,0.2595
Elo,101,SF,3,Morocco,Spain,0.1245,0.1751,0.8249
Elo,102,SF,1,Argentina,Norway,0.2588,0.8196,0.1804
Elo,102,SF,2,Argentina,Mexico,0.245,0.7057,0.2943
Elo,102,SF,3,Argentina,England,0.2333,0.7124,0.2876
Elo,103,3rd,1,France,Norway,0.0871,0.8083,0.1917
Elo,103,3rd,2,France,Mexico,0.0748,0.7219,0.2781
Elo,103,3rd,3,Norway,Spain,0.0718,0.1602,0.8398
Elo,104,F,1,Argentina,France,0.257,0.4833,0.5167
Elo,104,F,2,Argentina,Spain,0.2158,0.475,0.525
Elo,104,F,3,France,Mexico,0.058,0.7034,0.2966
Squad value,73,R32,1,Canada,South Africa,1.0,1.0,0.0
Squad value,74,R32,1,Germany,Paraguay,1.0,0.0,1.0
Squad value,75,R32,1,Morocco,Netherlands,1.0,1.0,0.0
Squad value,76,R32,1,Brazil,Japan,1.0,1.0,0.0
Squad value,77,R32,1,France,Sweden,1.0,1.0,0.0
Squad value,78,R32,1,Cote d'Ivoire,Norway,1.0,0.0,1.0
Squad value,79,R32,1,Ecuador,Mexico,1.0,0.0,1.0
Squad value,80,R32,1,DR Congo,England,1.0,0.0,1.0
Squad value,81,R32,1,Bosnia and Herzegovina,United States,1.0,0.0,1.0
Squad value,82,R32,1,Belgium,Senegal,1.0,1.0,0.0
Squad value,83,R32,1,Croatia,Portugal,1.0,0.0,1.0
Squad value,84,R32,1,Austria,Spain,1.0,0.0,1.0
Squad value,85,R32,1,Algeria,Switzerland,1.0,0.0,1.0
Squad value,86,R32,1,Argentina,Cape Verde,1.0,1.0,0.0
Squad value,87,R32,1,Colombia,Ghana,1.0,1.0,0.0
Squad value,88,R32,1,Australia,Egypt,1.0,0.0,1.0
Squad value,89,R16,1,France,Paraguay,1.0,1.0,0.0
Squad value,90,R16,1,Canada,Morocco,1.0,0.0,1.0
Squad value,91,R16,1,Brazil,Norway,1.0,0.0,1.0
Squad value,92,R16,1,England,Mexico,1.0,0.8168,0.1832
Squad value,93,R16,1,Portugal,Spain,1.0,0.4476,0.5524
Squad value,94,R16,1,Belgium,United States,1.0,0.3999,0.6001
Squad value,95,R16,1,Argentina,Egypt,1.0,0.9021,0.0979
Squad value,96,R16,1,Colombia,Switzerland,1.0,0.4617,0.5383
Squad value,97,QF,1,France,Morocco,1.0,0.7907,0.2093
Squad value,98,QF,1,Spain,United States,0.3305,0.649,0.351
Squad value,98,QF,2,Portugal,United States,0.2696,0.5783,0.4217
Squad value,98,QF,3,Belgium,Spain,0.2219,0.2907,0.7093
Squad value,99,QF,1,England,Norway,0.8168,0.7353,0.2647
Squad value,99,QF,2,Mexico,Norway,0.1832,0.3723,0.6277
Squad value,100,QF,1,Argentina,Switzerland,0.4839,0.7297,0.2703
Squad value,100,QF,2,Argentina,Colombia,0.4182,0.7712,0.2288
Squad value,100,QF,3,Egypt,Switzerland,0.0544,0.2188,0.7812
Squad value,101,SF,1,France,Spain,0.2935,0.5588,0.4412
Squad value,101,SF,2,France,Portugal,0.2172,0.6262,0.3738
Squad value,101,SF,3,France,United States,0.1805,0.7108,0.2892
Squad value,102,SF,1,Argentina,England,0.4054,0.3259,0.6741
Squad value,102,SF,2,Argentina,Norway,0.223,0.5709,0.4291
Squad value,102,SF,3,England,Switzerland,0.1046,0.8279,0.1721
Squad value,103,3rd,1,Argentina,France,0.108,0.3167,0.6833
Squad value,103,3rd,2,Argentina,Spain,0.0726,0.3678,0.6322
Squad value,103,3rd,3,Argentina,Portugal,0.0578,0.4412,0.5588
Squad value,104,F,1,England,France,0.2228,0.4551,0.5449
Squad value,104,F,2,Argentina,France,0.1488,0.3078,0.6922
Squad value,104,F,3,France,Norway,0.0837,0.7563,0.2437
FIFA ranking,73,R32,1,Canada,South Africa,1.0,1.0,0.0
FIFA ranking,74,R32,1,Germany,Paraguay,1.0,0.0,1.0
FIFA ranking,75,R32,1,Morocco,Netherlands,1.0,1.0,0.0
FIFA ranking,76,R32,1,Brazil,Japan,1.0,1.0,0.0
FIFA ranking,77,R32,1,France,Sweden,1.0,1.0,0.0
FIFA ranking,78,R32,1,Cote d'Ivoire,Norway,1.0,0.0,1.0
FIFA ranking,79,R32,1,Ecuador,Mexico,1.0,0.0,1.0
FIFA ranking,80,R32,1,DR Congo,England,1.0,0.0,1.0
FIFA ranking,81,R32,1,Bosnia and Herzegovina,United States,1.0,0.0,1.0
FIFA ranking,82,R32,1,Belgium,Senegal,1.0,1.0,0.0
FIFA ranking,83,R32,1,Croatia,Portugal,1.0,0.0,1.0
FIFA ranking,84,R32,1,Austria,Spain,1.0,0.0,1.0
FIFA ranking,85,R32,1,Algeria,Switzerland,1.0,0.0,1.0
FIFA ranking,86,R32,1,Argentina,Cape Verde,1.0,1.0,0.0
FIFA ranking,87,R32,1,Colombia,Ghana,1.0,1.0,0.0
FIFA ranking,88,R32,1,Australia,Egypt,1.0,0.0,1.0
FIFA ranking,89,R16,1,France,Paraguay,1.0,1.0,0.0
FIFA ranking,90,R16,1,Canada,Morocco,1.0,0.0,1.0
FIFA ranking,91,R16,1,Brazil,Norway,1.0,0.0,1.0
FIFA ranking,92,R16,1,England,Mexico,1.0,0.647,0.353
FIFA ranking,93,R16,1,Portugal,Spain,1.0,0.2568,0.7432
FIFA ranking,94,R16,1,Belgium,United States,1.0,0.4456,0.5544
FIFA ranking,95,R16,1,Argentina,Egypt,1.0,0.9439,0.0561
FIFA ranking,96,R16,1,Colombia,Switzerland,1.0,0.6007,0.3993
FIFA ranking,97,QF,1,France,Morocco,1.0,0.763,0.237
FIFA ranking,98,QF,1,Spain,United States,0.41,0.7654,0.2346
FIFA ranking,98,QF,2,Belgium,Spain,0.3332,0.1993,0.8007
FIFA ranking,98,QF,3,Portugal,United States,0.1444,0.5506,0.4494
FIFA ranking,99,QF,1,England,Norway,0.647,0.9198,0.0802
FIFA ranking,99,QF,2,Mexico,Norway,0.353,0.8776,0.1224
FIFA ranking,100,QF,1,Argentina,Colombia,0.5678,0.8459,0.1541
FIFA ranking,100,QF,2,Argentina,Switzerland,0.3761,0.8849,0.1151
FIFA ranking,100,QF,3,Colombia,Egypt,0.0329,0.769,0.231
FIFA ranking,101,SF,1,France,Spain,0.4408,0.5073,0.4927
FIFA ranking,101,SF,2,Morocco,Spain,0.1398,0.2489,0.7511
FIFA ranking,101,SF,3,France,United States,0.1217,0.7428,0.2572
FIFA ranking,102,SF,1,Argentina,England,0.4838,0.6091,0.3909
FIFA ranking,102,SF,2,Argentina,Mexico,0.2516,0.7476,0.2524
FIFA ranking,102,SF,3,Argentina,Norway,0.0777,0.9421,0.0579
FIFA ranking,103,3rd,1,England,France,0.0932,0.4013,0.5987
FIFA ranking,103,3rd,2,England,Spain,0.0836,0.3505,0.6495
FIFA ranking,103,3rd,3,Argentina,France,0.0759,0.4954,0.5046
FIFA ranking,104,F,1,Argentina,France,0.2601,0.4929,0.5071
FIFA ranking,104,F,2,Argentina,Spain,0.1815,0.4623,0.5377
FIFA ranking,104,F,3,England,France,0.131,0.3733,0.6267
