match_id,matchday,group,team_a,team_b,elo_a,elo_b,home_advantage,expected_goals_a,expected_goals_b,p_team_a_win,p_draw,p_team_b_win,likely_scoreline,match_date
1,1,A,Mexico,South Africa,1917,1520,Mexico,2.554,0.146,0.89276,0.09465,0.01258,2-0,2026-06-11
2,1,A,South Korea,Czechia,1714,1675,neutral,1.498,1.202,0.44036,0.25492,0.30473,1-1,2026-06-11
3,1,B,Canada,Bosnia and Herzegovina,1712,1592,Canada,2.105,0.595,0.72611,0.18168,0.09221,2-0,2026-06-12
4,1,D,United States,Paraguay,1765,1826,United States,1.501,1.199,0.44172,0.25479,0.30348,1-1,2026-06-12
5,1,C,Haiti,Scotland,1476,1735,neutral,0.496,2.204,0.06895,0.16339,0.76766,0-2,2026-06-13
6,1,D,Australia,Turkey,1720,1880,neutral,0.766,1.934,0.14047,0.21033,0.64921,0-1,2026-06-13
7,1,C,Brazil,Morocco,2049,1981,neutral,1.609,1.091,0.49386,0.24825,0.25789,1-1,2026-06-13
8,1,B,Qatar,Switzerland,1326,1976,neutral,0.063,2.637,0.0047,0.07876,0.91654,0-2,2026-06-13
9,1,E,Cote d'Ivoire,Ecuador,1758,1891,neutral,0.857,1.843,0.16999,0.22337,0.60664,0-1,2026-06-14
10,1,E,Germany,Curacao,1933,1368,neutral,2.6,0.1,0.90604,0.08591,0.00804,2-0,2026-06-14
11,1,F,Netherlands,Japan,2006,1906,neutral,1.73,0.97,0.55232,0.23713,0.21055,1-0,2026-06-14
12,1,F,Sweden,Tunisia,1756,1500,neutral,2.197,0.503,0.76497,0.16463,0.0704,2-0,2026-06-14
13,1,H,Saudi Arabia,Uruguay,1538,1863,neutral,0.36,2.34,0.04232,0.13691,0.82077,0-2,2026-06-15
14,1,H,Spain,Cape Verde,2326,1577,neutral,2.664,0.036,0.92366,0.07377,0.00257,2-0,2026-06-15
15,1,G,Iran,New Zealand,1708,1471,neutral,2.15,0.55,0.74516,0.17354,0.08129,2-0,2026-06-15
16,1,G,Belgium,Egypt,2004,1771,neutral,2.141,0.559,0.74158,0.17511,0.08331,2-0,2026-06-15
17,1,I,France,Senegal,2150,1870,neutral,2.251,0.449,0.78658,0.15437,0.05906,2-0,2026-06-16
18,1,I,Iraq,Norway,1473,1984,neutral,0.135,2.565,0.01144,0.09254,0.89602,0-2,2026-06-16
19,1,J,Argentina,Algeria,2224,1755,neutral,2.53,0.17,0.88531,0.09942,0.01527,2-0,2026-06-16
20,1,J,Austria,Jordan,1822,1527,neutral,2.282,0.418,0.79884,0.14828,0.05288,2-0,2026-06-16
21,1,L,Ghana,Panama,1577,1604,neutral,1.244,1.456,0.32286,0.25649,0.42065,1-1,2026-06-17
22,1,L,England,Croatia,2188,1904,neutral,2.259,0.441,0.78974,0.15282,0.05745,2-0,2026-06-17
23,1,K,Portugal,DR Congo,2059,1700,neutral,2.397,0.303,0.84124,0.12569,0.03306,2-0,2026-06-17
24,1,K,Uzbekistan,Colombia,1589,1989,neutral,0.246,2.454,0.02467,0.11423,0.8611,0-2,2026-06-17
25,2,A,Czechia,South Africa,1520,1675,neutral,0.783,1.917,0.64135,0.21289,0.14577,1-0,2026-06-18
26,2,B,Switzerland,Bosnia and Herzegovina,1592,1976,neutral,0.267,2.433,0.85387,0.11847,0.02765,2-0,2026-06-18
27,2,B,Canada,Qatar,1712,1326,Canada,2.545,0.155,0.88984,0.09653,0.01363,2-0,2026-06-18
28,2,A,Mexico,South Korea,1917,1714,Mexico,2.3,0.4,0.80561,0.14484,0.04955,2-0,2026-06-18
29,2,C,Brazil,Haiti,2049,1476,neutral,2.604,0.096,0.90718,0.08515,0.00767,2-0,2026-06-19
30,2,C,Scotland,Morocco,1981,1735,neutral,2.173,0.527,0.07582,0.16917,0.75501,0-2,2026-06-19
31,2,D,Turkey,Paraguay,1826,1880,neutral,1.14,1.56,0.47006,0.25164,0.2783,1-1,2026-06-19
32,2,D,United States,Australia,1765,1720,United States,1.884,0.816,0.62596,0.2177,0.15634,1-0,2026-06-19
33,2,E,Germany,Cote d'Ivoire,1933,1758,neutral,1.977,0.723,0.66921,0.20351,0.12728,1-0,2026-06-20
34,2,E,Ecuador,Curacao,1368,1891,neutral,0.126,2.574,0.89852,0.0909,0.01057,2-0,2026-06-20
35,2,F,Netherlands,Sweden,2006,1756,neutral,2.182,0.518,0.75884,0.16744,0.07372,2-0,2026-06-20
36,2,F,Tunisia,Japan,1906,1500,neutral,2.462,0.238,0.02366,0.11276,0.86357,0-2,2026-06-20
37,2,H,Uruguay,Cape Verde,1577,1863,neutral,0.436,2.264,0.79171,0.15184,0.05645,2-0,2026-06-21
38,2,H,Spain,Saudi Arabia,2326,1538,neutral,2.671,0.029,0.92552,0.07245,0.00203,2-0,2026-06-21
39,2,G,Belgium,Iran,2004,1708,neutral,2.285,0.415,0.79999,0.1477,0.05231,2-0,2026-06-21
40,2,G,New Zealand,Egypt,1771,1471,neutral,2.292,0.408,0.05104,0.14639,0.80257,0-2,2026-06-21
41,2,I,Norway,Senegal,1870,1984,neutral,0.92,1.78,0.57656,0.2314,0.19204,1-0,2026-06-22
42,2,I,France,Iraq,2150,1473,neutral,2.646,0.054,0.91892,0.0771,0.00398,2-0,2026-06-22
43,2,J,Argentina,Austria,2224,1822,neutral,2.457,0.243,0.86192,0.11375,0.02433,2-0,2026-06-22
44,2,J,Jordan,Algeria,1755,1527,neutral,2.127,0.573,0.08668,0.17765,0.73568,0-2,2026-06-22
45,2,L,England,Ghana,2188,1577,neutral,2.622,0.078,0.91237,0.08163,0.006,2-0,2026-06-23
46,2,L,Panama,Croatia,1904,1604,neutral,2.292,0.408,0.05097,0.14632,0.80271,0-2,2026-06-23
47,2,K,Portugal,Uzbekistan,2059,1589,neutral,2.531,0.169,0.88571,0.09916,0.01513,2-0,2026-06-23
48,2,K,Colombia,DR Congo,1700,1989,neutral,0.43,2.27,0.7939,0.15075,0.05534,2-0,2026-06-23
49,3,C,Scotland,Brazil,2049,1735,neutral,2.319,0.381,0.04607,0.1411,0.81283,0-2,2026-06-24
50,3,C,Morocco,Haiti,1981,1476,neutral,2.56,0.14,0.89458,0.09348,0.01194,2-0,2026-06-24
51,3,B,Switzerland,Canada,1712,1976,Canada,0.755,1.945,0.6543,0.20863,0.13707,1-0,2026-06-24
52,3,B,Bosnia and Herzegovina,Qatar,1592,1326,neutral,2.22,0.48,0.77423,0.1603,0.06547,2-0,2026-06-24
53,3,A,Czechia,Mexico,1917,1675,Mexico,2.369,0.331,0.03745,0.13117,0.83137,0-2,2026-06-24
54,3,A,South Africa,South Korea,1520,1714,neutral,0.667,2.033,0.11125,0.19426,0.69448,0-2,2026-06-24
55,3,E,Curacao,Cote d'Ivoire,1368,1758,neutral,0.258,2.442,0.02638,0.11669,0.85694,0-2,2026-06-25
56,3,E,Ecuador,Germany,1933,1891,neutral,1.512,1.188,0.29871,0.25428,0.44701,1-1,2026-06-25
57,3,F,Japan,Sweden,1906,1756,neutral,1.898,0.802,0.63235,0.21573,0.15192,1-0,2026-06-25
58,3,F,Tunisia,Netherlands,2006,1500,neutral,2.561,0.139,0.01186,0.09333,0.89481,0-2,2026-06-25
59,3,D,Turkey,United States,1765,1880,United States,1.29,1.41,0.39884,0.25764,0.34352,1-1,2026-06-25
60,3,D,Paraguay,Australia,1826,1720,neutral,1.751,0.949,0.56267,0.23476,0.20256,1-0,2026-06-25
61,3,I,Norway,France,2150,1984,neutral,1.948,0.752,0.13615,0.20817,0.65568,0-1,2026-06-26
62,3,I,Senegal,Iraq,1870,1473,neutral,2.451,0.249,0.85982,0.11499,0.02519,2-0,2026-06-26
63,3,G,Egypt,Iran,1771,1708,neutral,1.592,1.108,0.48583,0.24947,0.2647,1-1,2026-06-26
64,3,G,New Zealand,Belgium,2004,1471,neutral,2.58,0.12,0.00993,0.08966,0.90042,0-2,2026-06-26
65,3,H,Cape Verde,Saudi Arabia,1577,1538,neutral,1.501,1.199,0.44206,0.25476,0.30318,1-1,2026-06-26
66,3,H,Uruguay,Spain,2326,1863,neutral,2.524,0.176,0.01594,0.10055,0.88351,0-2,2026-06-26
67,3,L,Panama,England,2188,1604,neutral,2.609,0.091,0.00715,0.08407,0.90878,0-2,2026-06-27
68,3,L,Croatia,Ghana,1904,1577,neutral,2.344,0.356,0.82219,0.13615,0.04166,2-0,2026-06-27
69,3,J,Algeria,Austria,1755,1822,neutral,1.093,1.607,0.25865,0.24839,0.49296,1-1,2026-06-27
70,3,J,Jordan,Argentina,2224,1527,neutral,2.652,0.048,0.00352,0.07604,0.92044,0-2,2026-06-27
71,3,K,Colombia,Portugal,2059,1989,neutral,1.619,1.081,0.25358,0.24743,0.49898,1-1,2026-06-27
72,3,K,DR Congo,Uzbekistan,1700,1589,neutral,1.768,0.932,0.5706,0.23287,0.19653,1-0,2026-06-27
